{
    "total_revenue": 1.5996096914636902e+21,
    "allocative_efficiency": 0.138328530259366,
    "market_thickness_gap": 0.009350513751154798,
    "market_thickness_n_close": 10.922190201729107,
    "cumulative_regret": 72.38075665046706,
    "inclusion_share_entrants": 0.0
}