{
    "total_revenue": 6.912965577410106e+20,
    "allocative_efficiency": 0.8184438040345822,
    "market_thickness_gap": 0.05211551256543887,
    "market_thickness_n_close": 1.697406340057637,
    "cumulative_regret": 16.109519344976004,
    "inclusion_share_entrants": 0.0
}