{
    "total_revenue": 6.453789105183372e+20,
    "allocative_efficiency": 0.08645533141210375,
    "market_thickness_gap": 0.09259570592849009,
    "market_thickness_n_close": 1.0,
    "cumulative_regret": 78.4818074869782,
    "inclusion_share_entrants": 0.0
}